,precision,recall,f1-score,support
Not Vulnerable,0.5333333333333333,0.8290155440414507,0.6490872210953347,193.0
Vulnerable,0.6162790697674418,0.27461139896373055,0.37992831541218636,193.0
accuracy,0.5518134715025906,0.5518134715025906,0.5518134715025906,0.5518134715025906
macro avg,0.5748062015503876,0.5518134715025906,0.5145077682537605,386.0
weighted avg,0.5748062015503876,0.5518134715025906,0.5145077682537605,386.0
