Experiment,JSON Total (kg),CSV Total (kg),Difference (kg),Difference (%),Match
Baseline Zero-shot,0.15475278518961594,0.1547527851896159,2.7755575615628914e-17,1.7935428807708035e-14,✓ MATCH
Baseline Few-shot,0.11340119693900293,0.11340119693900284,8.326672684688674e-17,7.342667369875722e-14,✓ MATCH
Thinking Zero-shot,0.731428433688061,0.7314284336880605,4.440892098500626e-16,6.071533309292395e-14,✓ MATCH
Thinking Few-shot,0.44690007406563825,0.44690007406563803,2.220446049250313e-16,4.9685515355815005e-14,✓ MATCH
