Experiment,Model,Prompting,Total CO2 (kg),Duration (hours),CPU Energy (kWh),GPU Energy (kWh),RAM Energy (kWh),Total Energy (kWh),Avg CPU Power (W),Avg GPU Power (W),Avg RAM Power (W),Sessions,CPU %,GPU %,RAM %
Baseline Zero-shot,Baseline,Zero-shot,0.1547527851896159,1.7172317023117405,0.1931873318846627,0.3928191067550344,0.3240738656928296,0.9100803043325272,112.5,235.8353892719504,188.8258137702942,1,21.23,43.16,35.61
Baseline Few-shot,Baseline,Few-shot,0.11340119693900284,1.2584603680191666,0.14157592709411979,0.28775879937351334,0.23756245212250524,0.6668971785901384,112.5,156.77711420571907,188.8258137702942,3,21.23,43.15,35.62
Thinking Zero-shot,Thinking,Zero-shot,0.7314284336880605,8.110518162904773,0.9124276721590416,1.857982385551388,1.531022131136282,4.301432188846709,112.5,225.6551533286282,188.8258137702942,6,21.21,43.19,35.59
Thinking Few-shot,Thinking,Few-shot,0.44690007406563803,4.957012804998603,0.5576605809726167,1.1348457595425567,0.935652854897979,2.62815919541315,112.5,227.7882507105927,188.8258137702942,4,21.22,43.18,35.6
