,precision,recall,f1-score,support
Not Vulnerable,0.5162790697674419,0.5751295336787565,0.5441176470588235,193.0
Vulnerable,0.5176470588235295,0.4583333333333333,0.4861878453038674,192.0
accuracy,0.5168831168831168,0.5168831168831168,0.5168831168831168,0.5168831168831168
macro avg,0.5169630642954857,0.5167314335060449,0.5151527461813454,385.0
weighted avg,0.5169612876863219,0.5168831168831168,0.515227979690118,385.0
