,precision,recall,f1-score,support
Not Vulnerable,0.5287356321839081,0.47668393782383417,0.5013623978201635,193.0
Vulnerable,0.5235849056603774,0.5751295336787565,0.5481481481481482,193.0
accuracy,0.5259067357512953,0.5259067357512953,0.5259067357512953,0.5259067357512953
macro avg,0.5261602689221427,0.5259067357512953,0.5247552729841558,386.0
weighted avg,0.5261602689221427,0.5259067357512953,0.5247552729841558,386.0
