,precision,recall,f1-score,support
Not Vulnerable,0.5370370370370371,0.6010362694300518,0.5672371638141809,193.0
Vulnerable,0.5470588235294118,0.48186528497409326,0.512396694214876,193.0
accuracy,0.5414507772020726,0.5414507772020726,0.5414507772020726,0.5414507772020726
macro avg,0.5420479302832244,0.5414507772020726,0.5398169290145285,386.0
weighted avg,0.5420479302832244,0.5414507772020726,0.5398169290145285,386.0
