,precision,recall,f1-score,support
Not Vulnerable,0.5054054054054054,0.9689119170984456,0.6642984014209592,193.0
Vulnerable,0.625,0.05181347150259067,0.09569377990430622,193.0
accuracy,0.5103626943005182,0.5103626943005182,0.5103626943005182,0.5103626943005182
macro avg,0.5652027027027027,0.5103626943005182,0.37999609066263274,386.0
weighted avg,0.5652027027027027,0.5103626943005182,0.3799960906626326,386.0
