,precision,recall,f1-score,support
Not Vulnerable,0.5077881619937694,0.844559585492228,0.6342412451361867,193.0
Vulnerable,0.5384615384615384,0.18134715025906736,0.2713178294573643,193.0
accuracy,0.5129533678756477,0.5129533678756477,0.5129533678756477,0.5129533678756477
macro avg,0.523124850227654,0.5129533678756477,0.45277953729677556,386.0
weighted avg,0.523124850227654,0.5129533678756477,0.4527795372967755,386.0
