,precision,recall,f1-score,support
Not Vulnerable,0.5015105740181269,0.8601036269430051,0.6335877862595419,193.0
Vulnerable,0.509090909090909,0.14507772020725387,0.22580645161290322,193.0
accuracy,0.5025906735751295,0.5025906735751295,0.5025906735751295,0.5025906735751295
macro avg,0.505300741554518,0.5025906735751295,0.4296971189362226,386.0
weighted avg,0.505300741554518,0.5025906735751295,0.42969711893622264,386.0
