,precision,recall,f1-score,support
Not Vulnerable,0.5231316725978647,0.7616580310880829,0.620253164556962,193.0
Vulnerable,0.5533980582524272,0.29842931937172773,0.3877551020408163,191.0
accuracy,0.53125,0.53125,0.53125,0.53125
macro avg,0.538264865425146,0.5300436752299054,0.5040041332988892,384.0
weighted avg,0.5381860467125038,0.53125,0.5046095970033583,384.0
