,precision,recall,f1-score,support
Not Vulnerable,0.5058479532163743,0.8963730569948186,0.6467289719626168,193.0
Vulnerable,0.5454545454545454,0.12435233160621761,0.20253164556962025,193.0
accuracy,0.5103626943005182,0.5103626943005182,0.5103626943005182,0.5103626943005182
macro avg,0.5256512493354599,0.5103626943005182,0.4246303087661185,386.0
weighted avg,0.5256512493354598,0.5103626943005182,0.42463030876611857,386.0
